,Model,Dataset,ddG r2,ddG mse,ddG rmse,ddG spearman,ddG pearson
0,ThermoMPNN,Megascale-test,0.5164456963539124,0.5282226204872131,0.7267892360687256,0.7292727828025818,0.755720317363739
